<?xml version="1.0" encoding="UTF-8"?>
<project-private xmlns="http://www.netbeans.org/ns/project-private/1">
    <editor-bookmarks xmlns="http://www.netbeans.org/ns/editor-bookmarks/2" lastBookmarkId="0"/>
    <open-files xmlns="http://www.netbeans.org/ns/projectui-open-files/2">
        <group>
            <file>file:/D:/FPT/SUM_24_FPT/PRO192/PRO_192_FPT/Workshop_3/Q2/src/Tester.java</file>
            <file>file:/D:/FPT/SUM_24_FPT/PRO192/PRO_192_FPT/Workshop_3/Q2/src/StringProcessor.java</file>
        </group>
    </open-files>
</project-private>
