<?xml version="1.0" encoding="UTF-8"?>
<project-private xmlns="http://www.netbeans.org/ns/project-private/1">
    <editor-bookmarks xmlns="http://www.netbeans.org/ns/editor-bookmarks/2" lastBookmarkId="0"/>
    <open-files xmlns="http://www.netbeans.org/ns/projectui-open-files/2">
        <group>
            <file>file:/D:/FPT/SUM_24_FPT/PRO192/PRO_192_FPT/W4_W5/W4/Q3E/src/Main.java</file>
            <file>file:/D:/FPT/SUM_24_FPT/PRO192/PRO_192_FPT/W4_W5/W4/Q3E/src/TShirt.java</file>
            <file>file:/D:/FPT/SUM_24_FPT/PRO192/PRO_192_FPT/W4_W5/W4/Q3E/src/ITShirt.java</file>
            <file>file:/D:/FPT/SUM_24_FPT/PRO192/PRO_192_FPT/W4_W5/W4/Q3E/src/MyTShirt.java</file>
        </group>
    </open-files>
</project-private>
